"Study_ID","Customer_SampleID","GHRequestID","GHSampleID","Patient_ID","Visit_name","Alt-NoAlt","Sample_status","Sample_comment","Variant_type","Indel_type","Gene","Chromosome","Position","Exon","Mut_aa","Mut_nt","Mut_cdna","Transcript","Percentage","Splice_effect","Somatic_status","Molecular_consequence","Fusion_chrom_b","Fusion_gene_b","Fusion_position_a","Fusion_position_b","Direction_a","Direction_b","Downstream_gene","Copy_number","CNV_type","COSMIC","dbSNP","ClinVar","ClinVarID","Functional_impact","Mutant_allele_status","Mol_count","Max_percentage","Alleletype","HRD_score","Tumor_methylation_status","Tumor_methylation_score","TMB_score","TMB_category","MSI_High","cfDNA_ng","Plasma_ml_input","Plasma_ml_remaining","Received_date","Bloodcoll_date","Reported_date","Cancertype","Practice_name","Physician_name"
"KEAPSAKE (CX-839-014/CX-839-016)","","A0605136","A060513601","","","0","SUCCESS","Laboratory testing could not be completed due to a laboratory error. We apologize for any inconvenience this may cause. Please resubmit a new specimen.","","","","","","","","","","","","","","","","","","","","","","","","","","","","","","","","","","","","","","","0","","","01/19/2023","01/19/2023","01/26/2023","Colorectal adenocarcinoma","AutoGen_EU_Hospital_3523","AutoEUPhyFN1450 AutoEUPhyLN1450"
"KEAPSAKE (CX-839-014/CX-839-016)","","A0605155","A060515501","","","0","SUCCESS","Laboratory testing could not be completed due to a laboratory error. We apologize for any inconvenience this may cause. Please resubmit a new specimen.","","","","","","","","","","","","","","","","","","","","","","","","","","","","","","","","","","","","","","","0","","","01/19/2023","01/19/2023","01/26/2023","Breast Carcinoma","AutoGen_NNY_Hospital_162","AutoNNYPhyFN235 AutoNNYPhyLN235"
"KEAPSAKE (CX-839-014/CX-839-016)","","A0605158","A060515801","","","0","SUCCESS","Unable to perform the Guardant360 test, as it is currently validated for the detection of genomic alterations present in ctDNA from Stage III/IV patients and the test is not validated for use in early stage patients.","","","","","","","","","","","","","","","","","","","","","","","","","","","","","","","","","","","","","","","0","","","01/19/2023","01/19/2023","01/26/2023","Lung adenocarcinoma","AutoGen_NY_Hospital_6803_Edited_9544","AutoNYPhyFN164_Edited_9209 AutoNYPhyLN164"
"KEAPSAKE (CX-839-014/CX-839-016)","","A0605164","A060516401","","","0","SUCCESS","Unable to perform the Guardant360 test, as it is currently validated for the detection of genomic alterations present in ctDNA from Stage III/IV patients and the test is not validated for use in early stage patients.","","","","","","","","","","","","","","","","","","","","","","","","","","","","","","","","","","","","","","","0","","","01/19/2023","01/19/2023","01/27/2023","Colorectal adenocarcinoma","AutoGen_EU_Hospital_3523","AutoEUPhyFN1450 AutoEUPhyLN1450"
"KEAPSAKE (CX-839-014/CX-839-016)","","A0605168","A060516801","","","0","SUCCESS","The submitted specimen did not meet minimum volume requirements. Low sample volume may have contributed to the unsuccessful testing of the sample. Please resubmit a new specimen.","","","","","","","","","","","","","","","","","","","","","","","","","","","","","","","","","","","","","","","0","","","01/19/2023","01/19/2023","01/27/2023","Breast Carcinoma","AutoGen_NNY_Hospital_162","AutoNNYPhyFN235 AutoNNYPhyLN235"
"KEAPSAKE (CX-839-014/CX-839-016)","","A0605414","A060541401","","","1","SUCCESS","","CNV","","APLNR","11","","","","","","","","","somatic","","","","","","","","","2.28","aneuploid_amplification","","","","","","","","3","","","","","24.39","High","Not Detected","0","","","01/20/2023","01/20/2023","01/26/2023","Colorectal adenocarcinoma","AutoGen_EU_Hospital_3523","AutoEUPhyFN1450 AutoEUPhyLN1450"
"KEAPSAKE (CX-839-014/CX-839-016)","","A0605414","A060541401","","","1","SUCCESS","","CNV","","ATM","11","","","","","","","","","somatic","","","","","","","","","2.5","aneuploid_amplification","","","","","","","","3","","","","","24.39","High","Not Detected","0","","","01/20/2023","01/20/2023","01/26/2023","Colorectal adenocarcinoma","AutoGen_EU_Hospital_3523","AutoEUPhyFN1450 AutoEUPhyLN1450"
"KEAPSAKE (CX-839-014/CX-839-016)","","A0605414","A060541401","","","1","SUCCESS","","CNV","","CBL","11","","","","","","","","","somatic","","","","","","","","","2.53","aneuploid_amplification","","","","","","","","3","","","","","24.39","High","Not Detected","0","","","01/20/2023","01/20/2023","01/26/2023","Colorectal adenocarcinoma","AutoGen_EU_Hospital_3523","AutoEUPhyFN1450 AutoEUPhyLN1450"
"KEAPSAKE (CX-839-014/CX-839-016)","","A0605414","A060541401","","","1","SUCCESS","","CNV","","CEP295","11","","","","","","","","","somatic","","","","","","","","","2.37","aneuploid_amplification","","","","","","","","3","","","","","24.39","High","Not Detected","0","","","01/20/2023","01/20/2023","01/26/2023","Colorectal adenocarcinoma","AutoGen_EU_Hospital_3523","AutoEUPhyFN1450 AutoEUPhyLN1450"
"KEAPSAKE (CX-839-014/CX-839-016)","","A0605414","A060541401","","","1","SUCCESS","","CNV","","FGFR3","4","","","","","","","","","somatic","","","","","","","","","3.42","aneuploid_amplification","","","","","","","","3","","","","","24.39","High","Not Detected","0","","","01/20/2023","01/20/2023","01/26/2023","Colorectal adenocarcinoma","AutoGen_EU_Hospital_3523","AutoEUPhyFN1450 AutoEUPhyLN1450"
"KEAPSAKE (CX-839-014/CX-839-016)","","A0605414","A060541401","","","1","SUCCESS","","CNV","","KMT2A","11","","","","","","","","","somatic","","","","","","","","","2.45","aneuploid_amplification","","","","","","","","3","","","","","24.39","High","Not Detected","0","","","01/20/2023","01/20/2023","01/26/2023","Colorectal adenocarcinoma","AutoGen_EU_Hospital_3523","AutoEUPhyFN1450 AutoEUPhyLN1450"
"KEAPSAKE (CX-839-014/CX-839-016)","","A0605414","A060541401","","","1","SUCCESS","","CNV","","LGR4","11","","","","","","","","","somatic","","","","","","","","","2.41","aneuploid_amplification","","","","","","","","3","","","","","24.39","High","Not Detected","0","","","01/20/2023","01/20/2023","01/26/2023","Colorectal adenocarcinoma","AutoGen_EU_Hospital_3523","AutoEUPhyFN1450 AutoEUPhyLN1450"
"KEAPSAKE (CX-839-014/CX-839-016)","","A0605414","A060541401","","","1","SUCCESS","","CNV","","MARK2","11","","","","","","","","","somatic","","","","","","","","","2.41","aneuploid_amplification","","","","","","","","3","","","","","24.39","High","Not Detected","0","","","01/20/2023","01/20/2023","01/26/2023","Colorectal adenocarcinoma","AutoGen_EU_Hospital_3523","AutoEUPhyFN1450 AutoEUPhyLN1450"
"KEAPSAKE (CX-839-014/CX-839-016)","","A0605414","A060541401","","","1","SUCCESS","","CNV","","NUMA1","11","","","","","","","","","somatic","","","","","","","","","2.33","aneuploid_amplification","","","","","","","","3","","","","","24.39","High","Not Detected","0","","","01/20/2023","01/20/2023","01/26/2023","Colorectal adenocarcinoma","AutoGen_EU_Hospital_3523","AutoEUPhyFN1450 AutoEUPhyLN1450"
"KEAPSAKE (CX-839-014/CX-839-016)","","A0605414","A060541401","","","1","SUCCESS","","CNV","","USP28","11","","","","","","","","","somatic","","","","","","","","","2.33","aneuploid_amplification","","","","","","","","3","","","","","24.39","High","Not Detected","0","","","01/20/2023","01/20/2023","01/26/2023","Colorectal adenocarcinoma","AutoGen_EU_Hospital_3523","AutoEUPhyFN1450 AutoEUPhyLN1450"
"KEAPSAKE (CX-839-014/CX-839-016)","","A0605414","A060541401","","","1","SUCCESS","","CNV","","WEE1","11","","","","","","","","","somatic","","","","","","","","","2.53","aneuploid_amplification","","","","","","","","3","","","","","24.39","High","Not Detected","0","","","01/20/2023","01/20/2023","01/26/2023","Colorectal adenocarcinoma","AutoGen_EU_Hospital_3523","AutoEUPhyFN1450 AutoEUPhyLN1450"
"KEAPSAKE (CX-839-014/CX-839-016)","","A0605414","A060541401","","","1","SUCCESS","","CNV","","BRAF","7","","","","","","","","","","","","","","","","","","","loh_deletion","","","","","","","","3","","","","","24.39","High","Not Detected","0","","","01/20/2023","01/20/2023","01/26/2023","Colorectal adenocarcinoma","AutoGen_EU_Hospital_3523","AutoEUPhyFN1450 AutoEUPhyLN1450"
"KEAPSAKE (CX-839-014/CX-839-016)","","A0605414","A060541401","","","1","SUCCESS","","Indel","Deletion","MSH3","5","79950708","=""1""","p.Ala57_Ala65del","TGCAGCGGCCGCAGCGGCCGCAGCGCCCCCAGCGCCCCCAGCT>CGCAGCGCCCCCAGCG","c.162_204delTGCAGCGGCCGCAGCGGCCGCAGCGCCCCCAGCGCCCCCAGCTinsCGCAGCGCCCCCAGCG","NM_002439.5","64.16","","germline","inframe_deletion","","","","","","","","","","","","","","","","74","3","","","","","24.39","High","Not Detected","0","","","01/20/2023","01/20/2023","01/26/2023","Colorectal adenocarcinoma","AutoGen_EU_Hospital_3523","AutoEUPhyFN1450 AutoEUPhyLN1450"
"KEAPSAKE (CX-839-014/CX-839-016)","","A0605414","A060541401","","","1","SUCCESS","","SNV","","AKT1","14","105239355","=""12""","C344C","G>A","c.1032C>T","NM_001014432.2","50.70","","germline","synonymous","","","","","","","","","","COSV62576049","rs56289559","Benign","241789","","","1859","3","","","","","24.39","High","Not Detected","0","","","01/20/2023","01/20/2023","01/26/2023","Colorectal adenocarcinoma","AutoGen_EU_Hospital_3523","AutoEUPhyFN1450 AutoEUPhyLN1450"
"KEAPSAKE (CX-839-014/CX-839-016)","","A0605414","A060541401","","","1","SUCCESS","","SNV","","AXL","19","41754441","=""12""","E511E","A>G","c.1533A>G","NM_001699.6","0.59","","somatic","synonymous","","","","","","","","","","","","","","","","1830","3","","","","","24.39","High","Not Detected","0","","","01/20/2023","01/20/2023","01/26/2023","Colorectal adenocarcinoma","AutoGen_EU_Hospital_3523","AutoEUPhyFN1450 AutoEUPhyLN1450"
"KEAPSAKE (CX-839-014/CX-839-016)","","A0605414","A060541401","","","1","SUCCESS","","SNV","","B2M","15","45003745","=""1""","M1?","A>G","c.1A>G","NM_004048.4","0.46","","somatic","start_lost","","","","","","","","","","COSV62562870","rs1023835002","Likely_pathogenic","363248","","","2068","3","","","","","24.39","High","Not Detected","0","","","01/20/2023","01/20/2023","01/26/2023","Colorectal adenocarcinoma","AutoGen_EU_Hospital_3523","AutoEUPhyFN1450 AutoEUPhyLN1450"
"KEAPSAKE (CX-839-014/CX-839-016)","","A0605414","A060541401","","","1","SUCCESS","","SNV","","B2M","15","45007635","=""2""","Q28*","C>T","c.82C>T","NM_004048.4","0.87","","somatic","nonsense","","","","","","","","","","COSV62565489","","","","","","1710","3","","","","","24.39","High","Not Detected","0","","","01/20/2023","01/20/2023","01/26/2023","Colorectal adenocarcinoma","AutoGen_EU_Hospital_3523","AutoEUPhyFN1450 AutoEUPhyLN1450"
"KEAPSAKE (CX-839-014/CX-839-016)","","A0605414","A060541401","","","1","SUCCESS","","SNV","","BRCC3","X","154348345","=""11""","L291V","C>G","c.871C>G","NM_024332.4","0.55","","somatic_putative_ch","missense","","","","","","","","","","COSV57463613","","","","","","1769","3","","","","","24.39","High","Not Detected","0","","","01/20/2023","01/20/2023","01/26/2023","Colorectal adenocarcinoma","AutoGen_EU_Hospital_3523","AutoEUPhyFN1450 AutoEUPhyLN1450"
"KEAPSAKE (CX-839-014/CX-839-016)","","A0605414","A060541401","","","1","SUCCESS","","SNV","","BSG","19","579577","=""3""","E165K","G>A","c.493G>A","NM_001728.4","0.51","","somatic","missense","","","","","","","","","","COSV61077839","","","","","","1672","3","","","","","24.39","High","Not Detected","0","","","01/20/2023","01/20/2023","01/26/2023","Colorectal adenocarcinoma","AutoGen_EU_Hospital_3523","AutoEUPhyFN1450 AutoEUPhyLN1450"
"KEAPSAKE (CX-839-014/CX-839-016)","","A0605414","A060541401","","","1","SUCCESS","","SNV","","CASR","3","121980536","=""4""","Y218*","T>A","c.654T>A","NM_001178065.2","2.57","","somatic","nonsense","","","","","","","","","","COSV56142421","","","","","","750","3","","","","","24.39","High","Not Detected","0","","","01/20/2023","01/20/2023","01/26/2023","Colorectal adenocarcinoma","AutoGen_EU_Hospital_3523","AutoEUPhyFN1450 AutoEUPhyLN1450"
"KEAPSAKE (CX-839-014/CX-839-016)","","A0605414","A060541401","","","1","SUCCESS","","SNV","","CDH6","5","31297473","=""4""","I201V","A>G","c.601A>G","NM_004932.4","1.68","","somatic","missense","","","","","","","","","","COSV54080609","","","","","","1775","3","","","","","24.39","High","Not Detected","0","","","01/20/2023","01/20/2023","01/26/2023","Colorectal adenocarcinoma","AutoGen_EU_Hospital_3523","AutoEUPhyFN1450 AutoEUPhyLN1450"
"KEAPSAKE (CX-839-014/CX-839-016)","","A0605414","A060541401","","","1","SUCCESS","","SNV","","CHEK2","22","29095841","=""9""","M331I","C>G","c.993G>C","NM_007194.4","0.29","","somatic_putative_ch","missense","","","","","","","","","","","","","","","","1911","3","","","","","24.39","High","Not Detected","0","","","01/20/2023","01/20/2023","01/26/2023","Colorectal adenocarcinoma","AutoGen_EU_Hospital_3523","AutoEUPhyFN1450 AutoEUPhyLN1450"
"KEAPSAKE (CX-839-014/CX-839-016)","","A0605414","A060541401","","","1","SUCCESS","","SNV","","CREBBP","16","3900896","=""2""","H67R","T>C","c.200A>G","NM_004380.3","47.04","","germline","missense","","","","","","","","","","","rs61759496","","","","","1756","3","","","","","24.39","High","Not Detected","0","","","01/20/2023","01/20/2023","01/26/2023","Colorectal adenocarcinoma","AutoGen_EU_Hospital_3523","AutoEUPhyFN1450 AutoEUPhyLN1450"
"KEAPSAKE (CX-839-014/CX-839-016)","","A0605414","A060541401","","","1","SUCCESS","","SNV","","DEPDC5","22","32150960","=""2""","G18V","G>T","c.53G>T","NM_001242896.3","47.62","","germline","missense","","","","","","","","","","","","","","","","1891","3","","","","","24.39","High","Not Detected","0","","","01/20/2023","01/20/2023","01/26/2023","Colorectal adenocarcinoma","AutoGen_EU_Hospital_3523","AutoEUPhyFN1450 AutoEUPhyLN1450"
"KEAPSAKE (CX-839-014/CX-839-016)","","A0605414","A060541401","","","1","SUCCESS","","SNV","","DEPTOR","8","121019067","=""7""","E317*","G>T","c.949G>T","NM_022783.4","1.15","","somatic","nonsense","","","","","","","","","","COSV53823603","","","","","","2132","3","","","","","24.39","High","Not Detected","0","","","01/20/2023","01/20/2023","01/26/2023","Colorectal adenocarcinoma","AutoGen_EU_Hospital_3523","AutoEUPhyFN1450 AutoEUPhyLN1450"
"KEAPSAKE (CX-839-014/CX-839-016)","","A0605414","A060541401","","","1","SUCCESS","","SNV","","ERBB4","2","212566750","=""12""","L477L","G>C","c.1431C>G","NM_005235.3","1.07","","somatic_putative_ch","synonymous","","","","","","","","","","COSV53603699","","","","","","1676","3","","","","","24.39","High","Not Detected","0","","","01/20/2023","01/20/2023","01/26/2023","Colorectal adenocarcinoma","AutoGen_EU_Hospital_3523","AutoEUPhyFN1450 AutoEUPhyLN1450"
"KEAPSAKE (CX-839-014/CX-839-016)","","A0605414","A060541401","","","1","SUCCESS","","SNV","","ERCC5","13","103513972","=""7""","R263Q","G>A","c.788G>A","NM_000123.4","48.79","","germline","missense","","","","","","","","","","COSV63245188,COSV63245188","rs61749896","","","","","2296","3","","","","","24.39","High","Not Detected","0","","","01/20/2023","01/20/2023","01/26/2023","Colorectal adenocarcinoma","AutoGen_EU_Hospital_3523","AutoEUPhyFN1450 AutoEUPhyLN1450"
"KEAPSAKE (CX-839-014/CX-839-016)","","A0605414","A060541401","","","1","SUCCESS","","SNV","","ERF","19","42753170","=""4""","S365L","G>A","c.1094C>T","NM_006494.4","0.34","","somatic","missense","","","","","","","","","","COSV55896907,COSV55896907","rs753965187","","","","","1547","3","","","","","24.39","High","Not Detected","0","","","01/20/2023","01/20/2023","01/26/2023","Colorectal adenocarcinoma","AutoGen_EU_Hospital_3523","AutoEUPhyFN1450 AutoEUPhyLN1450"
"KEAPSAKE (CX-839-014/CX-839-016)","","A0605414","A060541401","","","1","SUCCESS","","SNV","","FANCI","15","89807836","=""9""","D251D","C>T","c.753C>T","NM_001113378.2","48.17","splice_region_variant","germline","synonymous","","","","","","","","","","COSV55526493","rs151169233","Conflicting_interpretations_of_pathogenicity","242122","","","1349","3","","","","","24.39","High","Not Detected","0","","","01/20/2023","01/20/2023","01/26/2023","Colorectal adenocarcinoma","AutoGen_EU_Hospital_3523","AutoEUPhyFN1450 AutoEUPhyLN1450"
"KEAPSAKE (CX-839-014/CX-839-016)","","A0605414","A060541401","","","1","SUCCESS","","SNV","","FANCL","2","58390044","=""11""","V287G","A>C","c.860T>G","NM_018062.4","49.22","","germline","missense","","","","","","","","","","","rs61757387","","","","","1574","3","","","","","24.39","High","Not Detected","0","","","01/20/2023","01/20/2023","01/26/2023","Colorectal adenocarcinoma","AutoGen_EU_Hospital_3523","AutoEUPhyFN1450 AutoEUPhyLN1450"
"KEAPSAKE (CX-839-014/CX-839-016)","","A0605414","A060541401","","","1","SUCCESS","","SNV","","FCGR3A","1","161518315","=""3""","S107L","G>A","c.320C>T","NM_001127592.2","33.52","","germline","missense","","","","","","","","","","","rs143870625","","","","","3041","3","","","","","24.39","High","Not Detected","0","","","01/20/2023","01/20/2023","01/26/2023","Colorectal adenocarcinoma","AutoGen_EU_Hospital_3523","AutoEUPhyFN1450 AutoEUPhyLN1450"
"KEAPSAKE (CX-839-014/CX-839-016)","","A0605414","A060541401","","","1","SUCCESS","","SNV","","FGFR2","10","123256074","=""13""","R612T","C>G","c.1835G>C","NM_000141.5","0.73","","somatic","missense","","","","","","","","","","COSV60662930","","","","","","1969","3","","","","","24.39","High","Not Detected","0","","","01/20/2023","01/20/2023","01/26/2023","Colorectal adenocarcinoma","AutoGen_EU_Hospital_3523","AutoEUPhyFN1450 AutoEUPhyLN1450"
"KEAPSAKE (CX-839-014/CX-839-016)","","A0605414","A060541401","","","1","SUCCESS","","SNV","","FGFR3","4","1801106","=""3""","T79S","A>T","c.235A>T","NM_000142.5","0.57","","somatic","missense","","","","","","","","","","COSV53394240","","","","","","1985","3","","","","","24.39","High","Not Detected","0","","","01/20/2023","01/20/2023","01/26/2023","Colorectal adenocarcinoma","AutoGen_EU_Hospital_3523","AutoEUPhyFN1450 AutoEUPhyLN1450"
"KEAPSAKE (CX-839-014/CX-839-016)","","A0605414","A060541401","","","1","SUCCESS","","SNV","","FLT4","5","180043384","=""23""","Y1068N","A>T","c.3202T>A","NM_002020.5","0.56","","somatic","missense","","","","","","","","","","","","","","","","1881","3","","","","","24.39","High","Not Detected","0","","","01/20/2023","01/20/2023","01/26/2023","Colorectal adenocarcinoma","AutoGen_EU_Hospital_3523","AutoEUPhyFN1450 AutoEUPhyLN1450"
"KEAPSAKE (CX-839-014/CX-839-016)","","A0605414","A060541401","","","1","SUCCESS","","SNV","","IRF1","5","131822728","=""4""","V94V","C>T","c.282G>A","NM_002198.3","0.95","","somatic","synonymous","","","","","","","","","","","","","","","","2261","3","","","","","24.39","High","Not Detected","0","","","01/20/2023","01/20/2023","01/26/2023","Colorectal adenocarcinoma","AutoGen_EU_Hospital_3523","AutoEUPhyFN1450 AutoEUPhyLN1450"
"KEAPSAKE (CX-839-014/CX-839-016)","","A0605414","A060541401","","","1","SUCCESS","","SNV","","KAT6B","10","76784794","=""17""","E1151*","G>T","c.3451G>T","NM_012330.4","1.07","","somatic","nonsense","","","","","","","","","","COSV54756936","","","","","","1839","3","","","","","24.39","High","Not Detected","0","","","01/20/2023","01/20/2023","01/26/2023","Colorectal adenocarcinoma","AutoGen_EU_Hospital_3523","AutoEUPhyFN1450 AutoEUPhyLN1450"
"KEAPSAKE (CX-839-014/CX-839-016)","","A0605414","A060541401","","","1","SUCCESS","","SNV","","KDM5C","X","53222298","=""26""","P1512S","G>A","c.4534C>T","NM_004187.5","0.38","","somatic","missense","","","","","","","","","","","","","","","","1611","3","","","","","24.39","High","Not Detected","0","","","01/20/2023","01/20/2023","01/26/2023","Colorectal adenocarcinoma","AutoGen_EU_Hospital_3523","AutoEUPhyFN1450 AutoEUPhyLN1450"
"KEAPSAKE (CX-839-014/CX-839-016)","","A0605414","A060541401","","","1","SUCCESS","","SNV","","KDR","4","55955969","=""24""","A1065T","C>T","c.3193G>A","NM_002253.3","49.01","splice_region_variant","germline","missense","","","","","","","","","","COSV55760254","rs56302315","","","","","1870","3","","","","","24.39","High","Not Detected","0","","","01/20/2023","01/20/2023","01/26/2023","Colorectal adenocarcinoma","AutoGen_EU_Hospital_3523","AutoEUPhyFN1450 AutoEUPhyLN1450"
"KEAPSAKE (CX-839-014/CX-839-016)","","A0605414","A060541401","","","1","SUCCESS","","SNV","","KMT2B","19","36227693","=""31""","E2421A","A>C","c.7262A>C","NM_014727.3","0.88","","somatic","missense","","","","","","","","","","COSV55821170","","","","","","2054","3","","","","","24.39","High","Not Detected","0","","","01/20/2023","01/20/2023","01/26/2023","Colorectal adenocarcinoma","AutoGen_EU_Hospital_3523","AutoEUPhyFN1450 AutoEUPhyLN1450"
"KEAPSAKE (CX-839-014/CX-839-016)","","A0605414","A060541401","","","1","SUCCESS","","SNV","","KMT2D","12","49426354","=""40""","Q4045R","T>C","c.12134A>G","NM_003482.4","1.79","","somatic","missense","","","","","","","","","","COSV56468786","rs1446650180","","","","","2075","3","","","","","24.39","High","Not Detected","0","","","01/20/2023","01/20/2023","01/26/2023","Colorectal adenocarcinoma","AutoGen_EU_Hospital_3523","AutoEUPhyFN1450 AutoEUPhyLN1450"
"KEAPSAKE (CX-839-014/CX-839-016)","","A0605414","A060541401","","","1","SUCCESS","","SNV","","KRAS","12","25398284","=""2""","G12A","C>G","c.35G>C","NM_004985.5","1.41","","somatic","missense","","","","","","","","","","COSV55497479","rs121913529","Pathogenic/Likely_pathogenic","54289","","","2472","3","","","","","24.39","High","Not Detected","0","","","01/20/2023","01/20/2023","01/26/2023","Colorectal adenocarcinoma","AutoGen_EU_Hospital_3523","AutoEUPhyFN1450 AutoEUPhyLN1450"
"KEAPSAKE (CX-839-014/CX-839-016)","","A0605414","A060541401","","","1","SUCCESS","","SNV","","LTK","15","41796779","=""18""","R727H","C>T","c.2180G>A","NM_002344.6","47.89","","germline","missense","","","","","","","","","","COSV99540525","rs199935291","","","","","2161","3","","","","","24.39","High","Not Detected","0","","","01/20/2023","01/20/2023","01/26/2023","Colorectal adenocarcinoma","AutoGen_EU_Hospital_3523","AutoEUPhyFN1450 AutoEUPhyLN1450"
"KEAPSAKE (CX-839-014/CX-839-016)","","A0605414","A060541401","","","1","SUCCESS","","SNV","","MET","7","116414949","=""15""","S1015P","T>C","c.3043T>C","NM_000245.4","0.52","","somatic","missense","","","","","","","","","","","","","","","","2284","3","","","","","24.39","High","Not Detected","0","","","01/20/2023","01/20/2023","01/26/2023","Colorectal adenocarcinoma","AutoGen_EU_Hospital_3523","AutoEUPhyFN1450 AutoEUPhyLN1450"
"KEAPSAKE (CX-839-014/CX-839-016)","","A0605414","A060541401","","","1","SUCCESS","","SNV","","NOTCH1","9","139405121","=""17""","I908I","G>A","c.2724C>T","NM_017617.5","47.85","","germline","synonymous","","","","","","","","","","COSV104586557","rs61751547","Likely_benign","240571","","","1707","3","","","","","24.39","High","Not Detected","0","","","01/20/2023","01/20/2023","01/26/2023","Colorectal adenocarcinoma","AutoGen_EU_Hospital_3523","AutoEUPhyFN1450 AutoEUPhyLN1450"
"KEAPSAKE (CX-839-014/CX-839-016)","","A0605414","A060541401","","","1","SUCCESS","","SNV","","NOTCH2","1","120462053","=""31""","S1888*","G>C","c.5663C>G","NM_024408.4","1.02","","somatic","nonsense","","","","","","","","","","COSV56710072","","","","","","2248","3","","","","","24.39","High","Not Detected","0","","","01/20/2023","01/20/2023","01/26/2023","Colorectal adenocarcinoma","AutoGen_EU_Hospital_3523","AutoEUPhyFN1450 AutoEUPhyLN1450"
"KEAPSAKE (CX-839-014/CX-839-016)","","A0605414","A060541401","","","1","SUCCESS","","SNV","","NTHL1","16","2097724","=""1""","R42K","C>T","c.125G>A","NM_002528.7","1.00","","somatic","missense","","","","","","","","","","COSV54594721,COSV54594721","rs1388213392","","","","","743","3","","","","","24.39","High","Not Detected","0","","","01/20/2023","01/20/2023","01/26/2023","Colorectal adenocarcinoma","AutoGen_EU_Hospital_3523","AutoEUPhyFN1450 AutoEUPhyLN1450"
"KEAPSAKE (CX-839-014/CX-839-016)","","A0605414","A060541401","","","1","SUCCESS","","SNV","","NTRK2","9","87322811","=""5""","L138F","C>T","c.412C>T","NM_006180.6","2.06","","somatic","missense","","","","","","","","","","COSV52860331","","","","","","1882","3","","","","","24.39","High","Not Detected","0","","","01/20/2023","01/20/2023","01/26/2023","Colorectal adenocarcinoma","AutoGen_EU_Hospital_3523","AutoEUPhyFN1450 AutoEUPhyLN1450"
"KEAPSAKE (CX-839-014/CX-839-016)","","A0605414","A060541401","","","1","SUCCESS","","SNV","","PARG","10","51027436","=""18""","E961K","C>T","c.2881G>A","NM_003631.5","0.92","","somatic","missense","","","","","","","","","","COSV67859562","rs1369795748","","","","","2071","3","","","","","24.39","High","Not Detected","0","","","01/20/2023","01/20/2023","01/26/2023","Colorectal adenocarcinoma","AutoGen_EU_Hospital_3523","AutoEUPhyFN1450 AutoEUPhyLN1450"
"KEAPSAKE (CX-839-014/CX-839-016)","","A0605414","A060541401","","","1","SUCCESS","","SNV","","PHLPP1","18","60625937","=""13""","D1134H","G>C","c.3400G>C","NM_194449.4","0.60","","somatic","missense","","","","","","","","","","COSV53034416","","","","","","2163","3","","","","","24.39","High","Not Detected","0","","","01/20/2023","01/20/2023","01/26/2023","Colorectal adenocarcinoma","AutoGen_EU_Hospital_3523","AutoEUPhyFN1450 AutoEUPhyLN1450"
"KEAPSAKE (CX-839-014/CX-839-016)","","A0605414","A060541401","","","1","SUCCESS","","SNV","","PHLPP2","16","71683528","=""18""","E1012D","C>A","c.3036G>T","NM_001289003.1","44.79","","germline","missense","","","","","","","","","","","","","","","","2240","3","","","","","24.39","High","Not Detected","0","","","01/20/2023","01/20/2023","01/26/2023","Colorectal adenocarcinoma","AutoGen_EU_Hospital_3523","AutoEUPhyFN1450 AutoEUPhyLN1450"
"KEAPSAKE (CX-839-014/CX-839-016)","","A0605414","A060541401","","","1","SUCCESS","","SNV","","PLEKHS1","10","115526211","=""2""","Q18K","C>A","c.52C>A","NM_182601.2","0.81","","somatic","missense","","","","","","","","","","COSV63056827","","","","","","1619","3","","","","","24.39","High","Not Detected","0","","","01/20/2023","01/20/2023","01/26/2023","Colorectal adenocarcinoma","AutoGen_EU_Hospital_3523","AutoEUPhyFN1450 AutoEUPhyLN1450"
"KEAPSAKE (CX-839-014/CX-839-016)","","A0605414","A060541401","","","1","SUCCESS","","SNV","","PREX1","20","47324912","=""6""","V223V","G>C","c.669C>G","NM_020820.4","1.53","","somatic_putative_ch","synonymous","","","","","","","","","","COSV64258025","","","","","","1871","3","","","","","24.39","High","Not Detected","0","","","01/20/2023","01/20/2023","01/26/2023","Colorectal adenocarcinoma","AutoGen_EU_Hospital_3523","AutoEUPhyFN1450 AutoEUPhyLN1450"
"KEAPSAKE (CX-839-014/CX-839-016)","","A0605414","A060541401","","","1","SUCCESS","","SNV","","PREX1","20","47364346","=""2""","K97N","C>A","c.291G>T","NM_020820.4","1.89","splice_region_variant","somatic","missense","","","","","","","","","","COSV64258035","","","","","","1884","3","","","","","24.39","High","Not Detected","0","","","01/20/2023","01/20/2023","01/26/2023","Colorectal adenocarcinoma","AutoGen_EU_Hospital_3523","AutoEUPhyFN1450 AutoEUPhyLN1450"
"KEAPSAKE (CX-839-014/CX-839-016)","","A0605414","A060541401","","","1","SUCCESS","","SNV","","PREX2","8","69020405","=""24""","S926Y","C>A","c.2777C>A","NM_024870.4","1.72","","somatic","missense","","","","","","","","","","COSV55806267","","","","","","1649","3","","","","","24.39","High","Not Detected","0","","","01/20/2023","01/20/2023","01/26/2023","Colorectal adenocarcinoma","AutoGen_EU_Hospital_3523","AutoEUPhyFN1450 AutoEUPhyLN1450"
"KEAPSAKE (CX-839-014/CX-839-016)","","A0605414","A060541401","","","1","SUCCESS","","SNV","","PTDSS1","8","97321823","=""9""","R349L","G>T","c.1046G>T","NM_014754.3","1.59","","somatic","missense","","","","","","","","","","COSV61265816","","","","","","1906","3","","","","","24.39","High","Not Detected","0","","","01/20/2023","01/20/2023","01/26/2023","Colorectal adenocarcinoma","AutoGen_EU_Hospital_3523","AutoEUPhyFN1450 AutoEUPhyLN1450"
"KEAPSAKE (CX-839-014/CX-839-016)","","A0605414","A060541401","","","1","SUCCESS","","SNV","","PTPRS","19","5212422","=""31""","T1565T","C>T","c.4695G>A","NM_002850.4","49.45","","germline","synonymous","","","","","","","","","","COSV53609498","rs61729508","","","","","1340","3","","","","","24.39","High","Not Detected","0","","","01/20/2023","01/20/2023","01/26/2023","Colorectal adenocarcinoma","AutoGen_EU_Hospital_3523","AutoEUPhyFN1450 AutoEUPhyLN1450"
"KEAPSAKE (CX-839-014/CX-839-016)","","A0605414","A060541401","","","1","SUCCESS","","SNV","","PTPRT","20","40877334","=""15""","K788E","T>C","c.2362A>G","NM_133170.4","0.82","","somatic","missense","","","","","","","","","","COSV62033783","","","","","","1433","3","","","","","24.39","High","Not Detected","0","","","01/20/2023","01/20/2023","01/26/2023","Colorectal adenocarcinoma","AutoGen_EU_Hospital_3523","AutoEUPhyFN1450 AutoEUPhyLN1450"
"KEAPSAKE (CX-839-014/CX-839-016)","","A0605414","A060541401","","","1","SUCCESS","","SNV","","RAD21","8","117864237","=""11""","Q474*","G>A","c.1420C>T","NM_006265.3","1.00","","somatic","nonsense","","","","","","","","","","COSV52065172","","","","","","1968","3","","","","","24.39","High","Not Detected","0","","","01/20/2023","01/20/2023","01/26/2023","Colorectal adenocarcinoma","AutoGen_EU_Hospital_3523","AutoEUPhyFN1450 AutoEUPhyLN1450"
"KEAPSAKE (CX-839-014/CX-839-016)","","A0605414","A060541401","","","1","SUCCESS","","SNV","","RAD51D","17","33428257","=""9""","G289V","C>A","c.866G>T","NM_002878.4","2.75","","somatic","missense","","","","","","","","","","COSV60005696,COSV60005696","","Uncertain_significance","645794","","","1862","3","","","","","24.39","High","Not Detected","0","","","01/20/2023","01/20/2023","01/26/2023","Colorectal adenocarcinoma","AutoGen_EU_Hospital_3523","AutoEUPhyFN1450 AutoEUPhyLN1450"
"KEAPSAKE (CX-839-014/CX-839-016)","","A0605414","A060541401","","","1","SUCCESS","","SNV","","RAET1L","6","150342098","=""3""","G192R","C>G","c.574G>C","NM_130900.3","1.24","","somatic","missense","","","","","","","","","","","rs201443919","","","","","2175","3","","","","","24.39","High","Not Detected","0","","","01/20/2023","01/20/2023","01/26/2023","Colorectal adenocarcinoma","AutoGen_EU_Hospital_3523","AutoEUPhyFN1450 AutoEUPhyLN1450"
"KEAPSAKE (CX-839-014/CX-839-016)","","A0605414","A060541401","","","1","SUCCESS","","SNV","","RET","10","43602000","=""5""","R348R","G>A","c.1044G>A","NM_020975.6","0.43","","somatic_putative_ch","synonymous","","","","","","","","","","COSV60711621","","","","","","1500","3","","","","","24.39","High","Not Detected","0","","","01/20/2023","01/20/2023","01/26/2023","Colorectal adenocarcinoma","AutoGen_EU_Hospital_3523","AutoEUPhyFN1450 AutoEUPhyLN1450"
"KEAPSAKE (CX-839-014/CX-839-016)","","A0605414","A060541401","","","1","SUCCESS","","SNV","","SOX9","17","70117725","=""1""","E65*","G>T","c.193G>T","NM_000346.4","1.07","","somatic","nonsense","","","","","","","","","","COSV55429980","","","","","","1932","3","","","","","24.39","High","Not Detected","0","","","01/20/2023","01/20/2023","01/26/2023","Colorectal adenocarcinoma","AutoGen_EU_Hospital_3523","AutoEUPhyFN1450 AutoEUPhyLN1450"
"KEAPSAKE (CX-839-014/CX-839-016)","","A0605414","A060541401","","","1","SUCCESS","","SNV","","STAG2","X","123197809","=""20""","T645P","A>C","c.1933A>C","NM_001042749.2","0.32","","somatic_putative_ch","missense","","","","","","","","","","","","","","","","1849","3","","","","","24.39","High","Not Detected","0","","","01/20/2023","01/20/2023","01/26/2023","Colorectal adenocarcinoma","AutoGen_EU_Hospital_3523","AutoEUPhyFN1450 AutoEUPhyLN1450"
"KEAPSAKE (CX-839-014/CX-839-016)","","A0605414","A060541401","","","1","SUCCESS","","SNV","","TAF1L","9","32633294","=""1""","L762I","G>T","c.2284C>A","NM_153809.2","1.41","","somatic","missense","","","","","","","","","","COSV54271819","","","","","","1973","3","","","","","24.39","High","Not Detected","0","","","01/20/2023","01/20/2023","01/26/2023","Colorectal adenocarcinoma","AutoGen_EU_Hospital_3523","AutoEUPhyFN1450 AutoEUPhyLN1450"
"KEAPSAKE (CX-839-014/CX-839-016)","","A0605414","A060541401","","","1","SUCCESS","","SNV","","TERT","5","1295228","=""1""","","G>A","c.-124C>T","NM_198253.3","2.93","","somatic","promoter","","","","","","","","","","","rs1242535815","","","","","468","3","","","","","24.39","High","Not Detected","0","","","01/20/2023","01/20/2023","01/26/2023","Colorectal adenocarcinoma","AutoGen_EU_Hospital_3523","AutoEUPhyFN1450 AutoEUPhyLN1450"
"KEAPSAKE (CX-839-014/CX-839-016)","","A0605414","A060541401","","","1","SUCCESS","","SNV","","TP53","17","7577120","=""8""","R273L","C>A","c.818G>T","NM_000546.6","1.82","","somatic","missense","","","","","","","","","","COSV52664805","rs28934576","Pathogenic","363534","deleterious","","1731","3","","","","","24.39","High","Not Detected","0","","","01/20/2023","01/20/2023","01/26/2023","Colorectal adenocarcinoma","AutoGen_EU_Hospital_3523","AutoEUPhyFN1450 AutoEUPhyLN1450"
"KEAPSAKE (CX-839-014/CX-839-016)","","A0605414","A060541401","","","1","SUCCESS","","SNV","","XPO1","2","61722746","=""11""","M297I","C>T","c.891G>A","NM_003400.4","49.19","splice_region_variant","germline","missense","","","","","","","","","","","rs61758379","","","","","1451","3","","","","","24.39","High","Not Detected","0","","","01/20/2023","01/20/2023","01/26/2023","Colorectal adenocarcinoma","AutoGen_EU_Hospital_3523","AutoEUPhyFN1450 AutoEUPhyLN1450"
